question,answer
QAPとは?,1問1答方式のQ&Aのペアを表す大変シンプルな形式
QAPはなんの略?,Question-Answer Pair
質問や応答の長さは?,短いのだと10文字、長くても70文字程度
複数の応答がある場合は?,質問側を複製してそれぞれの応答ごとにペアを作る
QAPは実際の質問である必要がある?,実際の質問をベースに漂白してもいいし、ある程度想定して書いてもいい
QAPのメリットは?,主に4つ。[わからない人が書く]ができる、原子性が高い、カジュアルに取り入れられる、フォーマットが少ない。
QAPにおいて、「わからない人が書く」とは?,一般的にナレッジと呼ばれているものと違い、質問することや質問に回答するだけでナレッジの作成になる
QAPにおいて、「原子性が高い」とは?,知識をこれ以上分解できない最小単位（知識原子）として扱えること。単体で役立つ。
QAPにおいて、「カジュアルに取り入れられる」とは?,完璧なドキュメント作成ではなく、日々のQ&Aで自然と知識が蓄積されるため、負担が少ないこと。
QAPにおいて、「フォーマットが少ない」とは?,覚えるべきルールが少なく、誰でもすぐに質問・回答を作成できるため、導入しやすいこと。
QAPのデメリットは?,現時点では、深い議論や複雑な情報の体系化には不向きであること。
QAPはどのように活用されるべき?,日常的な疑問解決や、新しい知識の発見・共有を促すツールとして活用すべき。
どんな人がQAPを使いやすい？,ユーザーが多岐にわたる。プログラマー、学生、研究者、
QAPはどのような分野で使われる？,科学、教育、ビジネス、日常生活など、幅広い分野
QAPの学習方法は?,1問1答方式で、質問を読み、その回答を記憶する
QAPは学習する上で特に大切にすること？,正確な回答を心がけ、曖昧な表現を避け、質問者とのコミュニケーションを重視する。
QAPはどのような情報に役立つ？,知識の整理、記憶、検索、学習など
質問者にとってQAPはどのように役立つか？,知識を得る、問題を解決する、新しい情報を発見する
QAPにおいて、質問の質を維持するための工夫とは？,質問の回答を多角的に検討し、誤った情報を排除する。
最終的に、QAPはどのような存在なのか？,Q&Aのペアを生成する、知識を体系化する、そして、人々の間でのコミュニケーションを促進する
QAPをテキストファイルで表現する場合は?,タブ区切りで質問を応答を区切って1行1ペアにしてもいいですし、このページのように各行に`Q: `や`A: `などといったprefixをつけて2行で1ペアにしてもいい
QAPをXML/JSONで表現するのは?,人間が直接書くのには適していないが、DBなどのAPIとしてXML/JSONを使用するのはあり
QAPはAIに適してる?,短文で完結していて、カジュアルに作成できるのでAIの学習や推論、既存モデルをベースにしたRAGに適してる。
[QAPの(質問|クエスチョン|Q)(文|側)で(Helpfeel|展開ヘルプ)記法は使える]?,どっちでもいい。Helpfeelで使いたければHelpfeel記法でいいんじゃね(投げやり)
QAPのFAQとの違いは?,短文である点と大規模な集積を重視してる
QAPの発音は?,QAPは、一般的に「キューエーピー」とアルファベットをそのまま読むか、「クアップ」のように発音されることが多いです。
QAPを効果的に作成するコツは？,一つの質問に対し、一つの明確な回答を心がけることです。
QAPの情報を検索する際の利点は？,短いペアなので、キーワード検索で素早く関連情報を見つけやすいことです。
QAPは既存の知識ベースとどう連携できる？,既存の知識をQAP形式に分解し、よりアクセスしやすい形に変換できます。
QAPはチーム内での情報共有に役立つ？,日常の疑問をQAPとして共有することで、非公式なナレッジを蓄積できます。
QAPを増やすための仕組みは？,疑問が生じたらすぐにQAPとして記録する習慣をつけるのが有効です。
QAPの「原子性が高い」ことの具体的なメリットは？,独立した情報なので、他の情報と組み合わせて様々な文脈で再利用しやすいことです。
QAPの品質を保つには？,回答の正確性を定期的に確認し、誤りがあれば修正することが大切です。
QAPは新しいメンバーのオンボーディングに使える？,よくある質問をQAP形式でまとめることで、効率的な学習を促せます。
QAPをデータベースで管理するメリットは？,大量のQAPを効率的に格納し、検索や活用が容易になります。
QAPの未来の可能性は？,AIとの連携がさらに進化し、よりパーソナライズされた知識提供が可能になるでしょう。
Qandanとは？,匿名でカジュアルに質問と回答ができるQ&Aシステムです。
Qandanの最大の特徴は？,「誰が質問し、誰が回答したのかが一切わからない」匿名性です。
なぜ匿名性を重視するの？,気兼ねなく質問・回答でき、純粋に内容に集中できるためです。
Qandanの基本的なやり取りは？,新着の質問がタイムラインに流れ、好き勝手に答えていきます。
Qandanにおいて、「探すな、尋ねよ」とはどういう意味？,過去の情報を検索するのではなく、疑問があればすぐに質問すべきという意味です。
Qandanにおいて、「探すな、答えよ」とはどういう意味？,質問があれば、過去を探さずに今、目の前の疑問に答えるべきという意味です。
Qandanにおいて、似た質問があってもいいの？,はい、過去の質問や回答を整理する必要はありません。
Qandanにおいて、質問や回答の文字数に制限はある？,質問は100文字以内、回答も100文字程度が目安です。
Qandanは、なぜ文字数制限を設けるの？,素早く質問と回答を回し、カジュアルなやり取りを促進するためです。
Qandanは、議論が深まりにくいのでは？,Qandanは深い議論よりも、素早くカジュアルな疑問解決を目的としています。
Qandanにおいて、回答はいくつまでできる？,回答は複数投稿でき、連投形式で整形することも可能です。
Qandanの、ベストアンサー（BA）とは？,質問者が「望ましい回答」として選ぶことができます。
Qandanの、ノーベストアンサー（NBA）とは？,質問者が「望ましい回答はなかった」と意思表示することです。
Qandanの、BAやNBAはいつ付けられる？,BAはいつでも、NBAは質問投稿後、一定時間（例：1時間）はつけられません。
Qandanに、ポイントシステムはあるの？,はい、「ステルスゲーミフィケーション」としてポイントが存在します。
Qandanの、ポイントはどうやって貯まるの？,回答したり、いいねをもらったり、BAに選ばれるとポイントが増えます。
Qandanの、ポイントはどんな目的で使うの？,将来的にインセンティブやキャリアにつながる可能性も検討されています。
Qandanにおいて、ユーザー同士の評価は？,乞食度やマナーレートのような評価は、匿名性を損なうため基本的に設けません。
Qandanで、回答への言及はできる？,はい、別の回答に`>3`のように番号で言及できます。
Qandanで、誹謗中傷など不適切な投稿への対策は？,通報機能により対処します。
Qandanの、閲覧者はどんなことができる？,質問や回答に「いいね」をつけたり、通報したりできます。
Qandanで、「いいね」はいくつつけられる？,質問の中で一つにしかつけられません。
Qandanで提供しない機能は？,推薦システムや過去の質問を探す検索機能は重視しません。
Qandanの最終的な目標は？,ユーザーが匿名で気軽に知識を共有し、日々の疑問を解決できる場を提供することです。
QAPとQandanの違いは?,QAPはデータ形式で、QandanはQAPをベースとした質問プラットフォーム